{
    "results": {
        "tool": {
            "name": "pytest",
            "version": "8.4.1"
        },
        "summary": {
            "tests": 2,
            "passed": 2,
            "failed": 0,
            "skipped": 0,
            "pending": 0,
            "other": 0,
            "start": 1779147811.0991883,
            "stop": 1779147811.147952
        },
        "tests": [
            {
                "name": "test_outputs.py::test_about_file",
                "status": "passed",
                "duration": 0.00043370702769607306,
                "start": 1779147811.1467469,
                "stop": 1779147811.1473875,
                "retries": 0,
                "file_path": "test_outputs.py"
            },
            {
                "name": "test_outputs.py::test_layout_file",
                "status": "passed",
                "duration": 0.0002449820749461651,
                "start": 1779147811.1475248,
                "stop": 1779147811.1478457,
                "retries": 0,
                "file_path": "test_outputs.py"
            }
        ]
    }
}