{
    "results": {
        "tool": {
            "name": "pytest",
            "version": "8.4.1"
        },
        "summary": {
            "tests": 2,
            "passed": 2,
            "failed": 0,
            "skipped": 0,
            "pending": 0,
            "other": 0,
            "start": 1779149275.7564418,
            "stop": 1779149275.8052704
        },
        "tests": [
            {
                "name": "test_outputs.py::test_solution_file",
                "status": "passed",
                "duration": 0.00031260098330676556,
                "start": 1779149275.8043594,
                "stop": 1779149275.804838,
                "retries": 0,
                "file_path": "test_outputs.py"
            },
            {
                "name": "test_outputs.py::test_solution_content",
                "status": "passed",
                "duration": 0.0001796551514416933,
                "start": 1779149275.8049355,
                "stop": 1779149275.805179,
                "retries": 0,
                "file_path": "test_outputs.py"
            }
        ]
    }
}