{
    "results": {
        "tool": {
            "name": "pytest",
            "version": "8.4.1"
        },
        "summary": {
            "tests": 2,
            "passed": 2,
            "failed": 0,
            "skipped": 0,
            "pending": 0,
            "other": 0,
            "start": 1779148292.3790524,
            "stop": 1779148292.4288332
        },
        "tests": [
            {
                "name": "test_outputs.py::test_about_file",
                "status": "passed",
                "duration": 0.0004095578333362937,
                "start": 1779148292.427696,
                "stop": 1779148292.428298,
                "retries": 0,
                "file_path": "test_outputs.py"
            },
            {
                "name": "test_outputs.py::test_layout_file",
                "status": "passed",
                "duration": 0.0002295020967721939,
                "start": 1779148292.428425,
                "stop": 1779148292.4287293,
                "retries": 0,
                "file_path": "test_outputs.py"
            }
        ]
    }
}